subreddit,CommentCount
AskReddit,418224
reddit.com,194442
pics,129841
politics,98868
IAmA,89123
gaming,89111
WTF,70394
atheism,58716
funny,52835
science,52250
worldnews,48770
programming,47737
technology,28907
Music,27031
DoesAnybodyElse,26685
secretsanta,20938
fffffffuuuuuuuuuuuu,19636
relationship_advice,13946
movies,13635
Economics,13153
videos,11468
offbeat,11459
tf2,11140
gonewild,10883
entertainment,10535
todayilearned,10435
TwoXChromosomes,10395
self,10096
linux,9713
comics,8821
scifi,8763
Libertarian,8434
Marijuana,7656
sex,7552
canada,7476
environment,7344
business,7171
sports,6846
geek,6676
trees,6235
Christianity,6084
apple,5862
news,5489
food,5377
circlejerk,5161
Frugal,5101
nsfw,4969
Favors,4698
books,4659
philosophy,4567
WeAreTheMusicMakers,4340
photography,4223
MensRights,3612
math,3453
lgbt,3285
Fitness,3264
beer,3207
guns,3015
web_design,2997
wikipedia,2832
australia,2720
conspiracy,2681
Metal,2616
itookapicture,2605
worldpolitics,2567
Drugs,2527
gadgets,2520
promos,2514
shittyadvice,2492
Health,2401
Anarchism,2369
Android,2361
PS3,2311
space,2259
hardware,2222
bestof,2092
WebGames,1756
humor,1694
Cooking,1612
listentothis,1588
anime,1510
Equality,1443
wow,1428
bicycling,1421
Israel,1418
iphone,1379
MMA,1318
religion,1313
soccer,1294
economy,1279
hockey,1228
starcraft,1221
Physics,1165
Homebrewing,1122
tf2au,1116
Seattle,1113
history,1106
ILiveIn,1092
Design,1051
cogsci,1046
obama,1045
SuicideWatch,1035
aww,1029
Guitar,1018
writing,1017
netsec,995
zombies,965
magicTCG,950
Art,936
needadvice,919
energy,913
Python,857
announcements,857
skeptic,817
doctorwho,816
feminisms,812
movieclub,808
Ubuntu,792
poker,781
meetup,777
cannabis,770
happy,755
tipofmytongue,751
psychology,742
blog,705
xbox360,700
Eve,680
dwarffortress,675
drunk,670
unitedkingdom,655
PhilosophyofScience,640
vegan,631
women,627
haskell,571
japan,559
ideasfortheadmins,556
chicago,543
DIY,526
Portland,525
rpg,524
brisbane,523
software,508
somethingimade,498
worstof,497
gossip,495
climateskeptics,478
ukpolitics,451
Austin,444
4chan,442
Bacon,437
video,427
islam,420
travel,417
Military,412
xkcd,403
formula1,398
fantasyfootball,385
Cheap_Meals,374
coding,371
AMA,362
opensource,360
hungary,356
linguistics,353
Bad_Cop_No_Donut,351
linux4noobs,351
television,345
compsci,343
Boobies,339
howto,336
socialism,332
Pets,328
BDSMcommunity,328
collapse,325
education,318
DAE,314
mexico,314
rit,305
gangsnstuff,305
Freethought,295
woahdude,295
LadyBashing,292
ireland,290
law,289
toronto,288
UFOs,266
nyc,262
google,261
gamedev,260
depression,259
tvclub,258
seduction,248
LosAngeles,242
Astronomy,241
carlhprogramming,238
YouShouldKnow,238
ronpaul,237
windowshots,236
NSFW_nospam,236
karmaparty,225
HealthProject,225
RUGC,222
dubstep,222
india,222
MapleLinks,220
lisp,219
ruby,219
electronics,218
linux_gaming,216
dragonage,215
SteamGifts,214
photocritique,212
Buddhism,210
boston,208
stopsmoking,206
help,205
comicbooks,204
LearnJapanese,204
electronicmusic,203
Autos,203
apathy,202
motorcycles,202
NewToTF2,200
exmormon,196
legal,195
tldr,188
Green,186
REDDITEXCHANGE,184
ads,183
Dexter,183
architecture,181
newzealand,180
PHP,178
Documentaries,177
Gunners,175
secrets,175
mac,172
StarWars,169
Conservative,166
TrueReddit,159
DnB,159
Etab,157
radioreddit,146
houston,144
fuckbuddies,142
2mod,142
IWantOut,138
startrek,135
snowboarding,135
DJs,134
fashion,134
redditmakesagame,134
sanfrancisco,133
twincitiessocial,133
philadelphia,131
cpp,130
wave,129
emacs,128
microsoft,126
RedditizeME,126
melbourne,125
classicalmusic,124
de,122
webcomics,122
malefashionadvice,121
dogs,121
catpictures,118
scientology,118
Iowa,118
javascript,117
chemistry,116
lolcats,115
opendirectories,115
IndieGaming,114
moddit,112
Spacefleet,112
baseball,112
LegalTeens,111
lostgeneration,108
torrents,107
aviation,107
firefox,106
BaconSwarm,103
911truth,103
ReverseEngineering,101
ECE,100
learnprogramming,98
perl,97
lost,96
celebrities,96
hiphop,96
HappyBirthday,96
Sexy,95
slackerrecipes,95
auto,94
ass,94
Poetry,93
wacrover,92
craigslist,92
Korean,92
IDAP,91
pittsburgh,90
socialmedia,89
newreddits,88
django,88
rva,87
overpopulation,87
new_right,86
veg,86
windows,85
government,85
Invites,84
LearnANewLanguage,82
lists,81
StLouis,81
thankkickme,80
Anthropology,79
trance,79
Baking,79
Atlanta,78
redheads,78
montreal,78
venturebros,78
waveinvites,77
Borderlands,77
computers,73
ar15,73
Coffee,73
n900,73
webdesign,72
MW2,72
engineering,72
droid,72
pornvids,71
chrome,71
ChineseLanguage,69
mycology,67
TopGear,66
Compilers,65
Cryptogon,65
furry,65
liberalarts,65
nonprofit,63
statistics,63
knitting,62
Punkskahardcore,61
kde,61
Meditation,61
ForTwenty,61
photoshop,61
GreaseMonkey,60
Cricket,60
Paranormal,59
europe,58
scheme,58
NexusOne,57
redditstories,57
climate,57
vim,56
Forts,56
pic,56
johndollarfullofcrap,55
baltimore,55
AppearanceAdvice,55
cats,55
erlang,55
xss,54
BSD,54
transgender,53
football,51
Jazz,51
audiosurf,51
Screenwriting,50
gamereviews,50
whalebait,49
networking,49
Games,49
wisconsin,49
facebookquotes,49
ZenHabits,48
tech,48
spaceflight,47
RacistReddit,47
bargainbin,47
SOS,46
polyamory,46
Feminism,46
evolution,46
Lambsauce,46
browsers,45
drums,45
phish,45
CommonLaw,45
learnmath,45
festivals,44
startups,44
Rateme,44
rant,43
moviecritic,43
france,43
golang,43
Anticonsumption,43
p2p,42
Parenting,42
nba,42
Republican,42
nature,42
l4dbundles,42
ask,42
androidapps,42
100wordstories,42
nsfw2,41
ComputerSecurity,41
ultimate,40
PostgreSQL,40
MusicNews,40
silky,40
Lovecraft,40
cyberlaws,40
Twitter,39
typography,39
MachineLearning,39
sodypop,39
Michigan,39
progressive,39
tf2uk,39
tomt,39
airsoft,38
AlternativeHealth,38
Needafriend,38
trippy,38
SEO,38
Ambientalmente,38
literature,38
freegames,38
xboxlive,37
pinball,37
babies,37
gardening,37
arduino,37
voluptuous,36
bayarea,36
mobile,36
tothemoon,36
Database,36
enloe,35
memphis,35
jobs,35
webdev,35
Boise,34
pua,34
sailing,34
battlestations,34
Hunting,33
cleverbot,33
texas,33
Vegetarianism,33
actuallesbians,32
til,32
modhelp,32
Recommendation,32
wanderlust,32
Entomology,32
hardscience,32
EmmaWatson,31
lookatmygirlfriend,31
communitylend,31
finance,31
INTP,30
mumbai,30
redditectives,30
AmericanGovernment,30
running,30
Jokes,30
skiing,29
Blogsnreviews,29
usa,29
LANL_German,29
soapier,29
HIPSTERGURLZ,29
grammar,29
skateboarding,29
WouldLikeToMeet,29
cosplay,29
Clojure,29
penis,28
Knowing,28
minnesota,28
etymology,28
elevator,28
oklahoma,28
marketing,28
xmonad,28
canucks,28
Survivalist,28
evopsych,27
AmericanPolitics,27
thoriumreactor,27
geology,27
general,27
PeterSchiff,27
argentina,27
REDDITORSINRECOVERY,27
java,27
Ocin,27
PalinProblem,27
Suomi,26
robotics,26
wenyude,26
morrissey,26
bikinis,26
promote,25
Iceland,25
synthesizers,25
alt_conspiracy,25
TrailerTrash,25
Amateur,24
SF4,24
baduk,24
gatech,24
Graffiti,24
OkCupid,24
Scotch,24
rails,24
IowaCity,24
left4dead,23
Bass,23
hardbodies,23
omegle,23
joos,23
nfl,23
PoliticalPhilosophy,23
tonightsdinner,23
StandUpComedy,23
postrock,23
NonAustrianEconomics,22
fwb,22
steamgiveaways,22
422,22
amateurradio,22
Celebs,22
MMJ,22
1000words,22
sinema,22
Catholicism,22
weeaboo,22
sysadmin,22
germany,22
lectures,22
acidstories,22
Web_Development,21
tea,21
whedon,21
metametacirclejerk,21
exjw,21
crime,21
wallpapers,21
DrFernandoAlmeida,21
chess,21
recipes,21
Fishing,21
CannotUnsee,21
AskUsers,21
French,21
Naruto,21
Animals,21
CARTOON,20
SEC,20
nostalgia,20
FixedAndSingleSpeed,20
drugscience,20
AnimalRights,20
photoshopcontest,20
cars,20
dotnet,20
pdub,20
WeAreTheFilmMakers,20
breastfeeding,20
sociology,20
VictoriaBC,19
operabrowser,19
left4dead2,19
pornstuff,19
PhotoWeek,19
Entrepreneur,19
homeowners,19
CheatingTheSystem,19
Archaeology,19
youtube,18
Warhammer,18
AppEngine,18
newyork,18
zen,18
digg,18
urbantransport,18
Tilt,18
beacupid,18
bugs,18
italy,18
xbox360games,18
googlewave,18
redditdev,18
CoolDesigns,18
Esperanto,18
productivity,17
Sculpture,17
3rb,17
Jeep,17
wine,17
Dreams,17
Liberty,17
SelfSufficiency,17
occult,17
redditia,17
FixedGearBicycle,17
PipeTobacco,17
quotes,17
Dogtraining,17
reddittrolls,17
Pictures,17
MissingPersons,17
worldbuilding,17
security,16
shoppingtips,16
sandiego,16
UQreddit,16
sysor,16
graveyardshift,16
NoveltyAccounts,16
NashvilleTN,16
osx,16
wii,16
Nootropics,16
longboarding,16
latin,16
Pandora,15
vimeo,15
crypto,15
reddittraveljetblue,15
aves,15
redditmusicclub,15
gamming,15
computergraphics,15
password,15
Psychonaut,15
barayeiran,15
biology,15
libredesign,15
S2S2S2S2S2,15
neuro,15
joel,15
BILF,15
ted,14
BSG,14
youknowwhatihate,14
kindness,14
conspiracies,14
lusciousladies,14
archlinux,14
TheWire,14
ja,14
blogs,14
halifax,14
spotify,14
TEFL,14
internet_User,14
racism,14
systems,14
BipolarReddit,14
weed,14
AcademicPhilosophy,13
reportthetrolls,13
christmas,13
ughh,13
csdthegreat,13
hangout,13
bjj,13
antiwar,13
California,13
Marvin,13
CampingandHiking,13
redditchan,13
websec,13
onlinegames,13
dating,13
HoleyHands,13
LANL_Russian,13
shreddit,13
walls,13
androidappreviews,12
kitchen,12
audio,12
PoliticalHumor,12
shopthis,12
alcohol,12
matlab,12
reddithax,12
FructoseAndHealth,12
perth,12
mathbooks,12
piratenpartei,12
contacts,12
DJtunez,12
3DMA,12
russia,12
amiga,12
facebook,12
Colorado,12
TRUST,12
thebookclub,11
love,11
oregon,11
leafs,11
TwinCities,11
nederlands,11
dependent_types,11
aikido,11
BDSM_NoSpam,11
Forth,11
linuxquestions,11
FinancialPlanning,11
indonesia,11
investing,11
Denmark,11
stoners,11
cheatatmathhomework,11
IDriveA,11
Gifts,11
Cubs,11
Trucking,10
science2,10
FlashDevelopers,10
ebooks,10
tomorrowiwill,10
Francophone,10
lego,10
USPirateParty,10
myday,10
SanJoseSharks,10
management,10
religiousright,10
FragReddit,10
vodka,10
Wordpress,10
triangle,10
thereligionofpeace,10
Pirate,10
quickquestions,10
birdpics,10
trollcave,10
DandD,10
espanol,9
autism,9
udub,9
shemale,9
herpetology,9
guitarlessons,9
Weedit,9
Jamin,9
HealthCareDebate,9
bdsm,9
defendyourself,9
ChronosHacks,9
earlyriser,9
sixpack,9
travellingbook,9
sydney,9
redditathon,9
hipsters,9
ukraine,9
Vacation,9
toys,9
ffxi,9
Marching_Arts,9
vancouver,9
desmoines,9
cocoa,9
RockClimbing,9
UCDavis,9
idm,9
Stargate,9
reasoners,9
BennyHillTheme,9
C_Programming,9
lua,9
LANL_Spanish,9
it,9
picturestories,9
mormon,9
PHX,9
confessions,9
hookah,9
LastNight,9
mod360,9
mashups,9
SecretSantaShirts,9
industrialmusic,9
advertising,8
ungooglable,8
penpal,8
RealGirls,8
animation,8
sweden,8
hacking,8
oneswarm,8
athiesm,8
pvttrackers,8
truthordare,8
matheducation,8
BUSEY,8
musicians,8
conspiratard,8
medicalschool,8
FIlm,8
boardgames,8
gundem,8
band_names,8
GearHead,8
insomnia,8
sketchbook,8
prowrestling,8
Unity3D,8
Fantasy,8
madscientist,8
gambling,8
tvcritic,8
LoanModification,8
Wake,8
diablo2,8
cute,8
rugbyunion,8
binary,8
Trickfist,8
punk,8
steampunk,8
jamt9000sandbox,8
alaska,7
PORLAPUTA,7
TellReddit,7
nsfwvideos,7
holidays,7
codeprojects,7
recreationaldrugs,7
jquery,7
media,7
indepthstories,7
cagematch,7
IWantToRock,7
imdrunk,7
Oz18plusgamers,7
Nautical,7
applesucks,7
HairyPussy,7
TMBR,7
taoism,7
git,7
b34nz,7
FOSSHelpWanted,7
LatinAmerica,7
scuba,7
RedditRecords,7
EeePC,7
Computerhi5news,7
AskMe,7
hotel,7
suggestions,7
Cleveland,7
wedding,7
Judaism,7
factcheck,7
culturalstudies,7
LANL_Latin,7
l4d2,7
brum,7
BUWaterPolo,7
minimalism,7
HelpoutReddit,7
aks,7
interestingasfuck,7
orsiko,7
EXPercise,7
fr,7
judo,7
tldrverse,7
LimpBizkit,7
tipoftheday,7
Career,6
office,6
OrthodoxChristianity,6
visualization,6
ageofempiresrevival,6
realale,6
semanticweb,6
bestofcraigslist,6
musictheory,6
activism,6
photomeets,6
meaningoflife,6
PartidoPirata,6
agile,6
cannabiscultivation,6
IFSW,6
redditmemes,6
tolkienfans,6
NSFW_Vids,6
Jimmick,6
tourdefrance,6
Insurance,6
sidewayspony,6
SciFiScroll,6
snowpics,6
LSD,6
FIAMA,6
ShadowBanned,6
lovereddit,6
afghanistan,6
game,6
German,6
education2,6
test,6
porn,6
glutenfree,6
manga,6
Bondage,6
OlderRedditors,6
lesbians,6
asm,6
Internet,6
beards,6
celebrity,6
ambiversive,6
socialskills,6
mspaint,6
legalizeit,6
BricoGeek,6
fuckyoujordan,6
GamersMarathon,6
Blogging,6
mec,6
futanari,6
Peptalk,6
Calgary,6
soxfanpdx,6
ideas,6
singularity,6
stupidquestions,6
foodshots,6
Tacoma,6
techsupport,6
Habs,6
selfhelp,6
insomniaclyric,6
SaltLakeCity,5
heliocentrism,5
tattoos,5
Louisville,5
Songwriters,5
AskAmericanReddit,5
gif,5
MUD,5
HighStrangeness,5
Transhuman,5
spamthisreddit,5
stockings,5
LucidDreaming,5
shooters,5
Norway,5
computerviruses,5
microcontrollers,5
Techno,5
retrogames,5
OSU,5
narwhals,5
collegesluts,5
bobblehead,5
Quebec,5
designthought,5
yonewild,5
Foodforthought,5
tedtalks,5
WAYWT,5
Canning,5
finishthesentence,5
arresteddevelopment,5
Dallas,5
Demoscene,5
askagirl,5
southafrica,5
eo,5
censorship,5
gay,5
Freshhome,5
ArtCrit,5
medicine,5
uspolitics,5
penpals,5
augmentedreality,5
Survival,5
ko,5
China,5
ClimateCrisis,5
AlignmentCharts,5
waterloo,5
ocaml,5
scala,5
LoseThos,5
Deareddit,5
ducks,5
Pantsless,5
InfoSec3T,5
12345678901234567890,5
Tugimp,5
RATS,5
steak,5
sda_exodus,5
artificial,5
redditguild,5
style,5
independent,5
physicsbooks,5
couchsurfing,4
homebrewposters,4
andyjason,4
SeattleEvents,4
Ohio,4
vinyl,4
knives,4
voluntarism,4
ChinaTours,4
rjg509,4
saskatoon,4
apod,4
ENTUUUT,4
NoPDubClub,4
Wildlife,4
cycling,4
AnswerReddit,4
freepromote,4
iamnot,4
GirlswithGlasses,4
learnanotherlanguage,4
xbla,4
Boxing,4
PSP,4
LaTeX,4
UtaEilzer,4
arabic,4
our,4
Omaha,4
PixelArt,4
rap,4
everyoneisareader,4
golf,4
GunnFire,4
AlteSS,4
argentinos,4
beatles,4
NewAgeReligion,4
hookups,4
redtaboo,4
climbing,4
groovy,4
ChatRoulette,4
sixtysecondjourneys,4
RedditBizDev,4
thelema,4
Salsa,4
haiku,4
Sokushinbutsu,4
HamRadio,4
privacy,4
od_rent,4
CodingContests,4
gnu,4
Cyberpunk,4
poetscorner,4
LibertarianLeft,4
acne,4
religiousdebate,4
triathlon,4
Drawing_requests,4
vegetarian,4
cookbook,4
Edmonton,4
bbwbikinis,4
saturdayfever,4
Puff,4
washingtondc,4
healthcare,4
needamod,4
nursing,4
HuntsvilleAlabama,4
Indiana,4
bodybuilding,4
redditor_pics,4
disability,4
womenofreddit,4
hotmanflesh,4
thesims,4
Weight,4
latinoamerica,4
Nightmares,3
Webmaster,3
propaganda,3
futurama,3
men,3
Magic,3
hypothesis,3
Gentoo,3
everything,3
ipod,3
Piracy,3
karo,3
wentworth,3
Fantasy_Football,3
DPrakash,3
geocaching,3
macroeconomics,3
fusion,3
Theatre,3
podcasts,3
blackculture,3
chinese5art,3
ReligionInAmerica,3
ipv6,3
Shortfilms,3
london,3
whatsitlike,3
sittingInATree,3
es,3
girlskissing,3
gmod,3
animaljuice,3
geography,3
astro,3
LANL_French,3
arizona,3
Home,3
iran,3
russian,3
selforganization,3
drupal,3
upvote,3
language,3
DOG,3
merch,3
black_metal,3
HTML,3
brewing,3
nuclear,3
blogger,3
sandbox,3
hackerspaces,3
ada,3
squirrels,3
DADA,3
DomoKun,3
VOIP,3
raleigh,3
windows7,3
travelguides,3
axereddit,3
assimg,3
Louisiana,3
CAKEWIN,3
jamt9000,3
analog,3
ukulele,3
Mixology,3
rhs,3
ComradeRikhi,3
FML,3
idontunderstand,3
makecomics,3
orlando,3
Libraries,3
filmphotography,3
malkovich,3
2100science,3
rac,3
postquebec,3
freeideas,3
family,3
darpachallenge,3
audioengineering,3
hackers,3
milf,3
agnosticism,3
culture,3
Employment,3
todayibought,3
statuegropers,3
POL_IT,3
poetryofscience,3
psychopharmacology,3
uskomaton,3
albumcritic,3
AppleApps,3
BadRedditHeadlines,3
upstate_new_york,3
polyglot,3
ru,3
HardEconomics,3
ExpertProgramming,3
redit,3
work,3
urt,3
worldnews2,3
WindowsMobile,3
Movie,3
breakcore,3
noisemachine,3
OttawaSenators,3
mixes,3
onlinenews,3
netbooks,3
aptliving,3
7mooode,3
VoteUplf,3
Fencing,3
maemo,3
norge,3
FashionTechnology,3
kansascity,3
reggae,3
cocktails,3
timelapse,3
MadeByMe,3
cfs,3
piano,3
jewelry,2
GoThai,2
charts,2
tipofmytounge,2
CoolPics,2
MusicFail,2
smokefree2009,2
Turkey,2
oratory,2
futureofreddit,2
PROtip,2
MyTestReddit2,2
WorldWideNews,2
AppEngineJa,2
diabetes,2
puzzles,2
relationships,2
economics2,2
lookingforlove,2
radiohead,2
climategate,2
hardhockey,2
bbhazem,2
hon,2
classifieds,2
usability,2
euro,2
L4D,2
synchtube,2
ElSalvador,2
gNewSense,2
chomsky,2
graphics,2
Money,2
emulation,2
prolog,2
inserthandle,2
scooters,2
outrage,2
Cthulhu,2
Dank,2
poop,2
websitefeedback,2
videography,2
eyes,2
joomla,2
Rockband,2
yoga,2
modded,2
regret,2
gmaps,2
blackberry,2
retail,2
agora,2
Foxnewspolls,2
COMPUTARS,2
yankees,2
window,2
copyleft,2
tuxtraining,2
realdadshangout,2
Im_Listening_To,2
fortran,2
MuayThai,2
uscg,2
CableNews,2
PublicReddit,2
cahl,2
mediatech,2
chromeos,2
TheistVsAtheist,2
botany,2
Realty,2
hoveranimals,2
Paramore,2
BBW,2
nfsw,2
esports,2
trailerparkboys,2
pluggit,2
dior_lei,2
drumandbass,2
gift,2
intj,2
war,2
violentacrez,2
Integral,2
ptsd,2
octopustomfoolery,2
weather,2
wood,2
motorcycle,2
Beekeeping,2
ilideas,2
Christians,2
spirituality,2
environment2,2
aerospace,2
heartless,2
restaurant,2
herps,2
maker,2
worlddomination,2
Ducati,2
Commodore,2
redditzoo,2
fetish,2
Titulka,2
BorrowedQuotes,2
HomeworkHelp,2
projectmanagement,2
childfree,2
handbags,2
Sacramento,2
chicagoland,2
nondual,2
Cheese,2
bloomington,2
sad,2
bigfoot,2
evebloggers,2
woodworking,2
newbrunswickcanada,2
academiceconomics,2
arcane,2
Tools,2
protest,2
DieInAFire,2
sport,2
guncontrol,2
spam,2
cocoadev,2
bestfuckingsauce,2
anus,2
nanowrimo,2
ballroom,2
css,2
geospatial,2
ocremix,2
tarot,2
sharepoint,2
unity_games,2
surfing,2
JavaFX,2
forum,2
csbooks,2
Permaculture,2
robot,2
Brooklyn,2
celeb,2
netaudio,2
moderndrinker,2
narwhals_gonewild,2
fantasysports,2
doesanyoneelse,2
testReddit123,2
shortanimation,2
IPhoneApps,2
papercraft,2
evony,2
Pandemic,2
nsfw_video,2
savedsites,2
beatnik,2
trains,2
solaris,2
Cities,2
Shoes,2
ferrets,2
Minneapolis,2
Reddichicks,2
plime,2
destructoid,2
Musicmeet,2
astrology,2
lolwut,2
CultCinema,2
zadren,2
Zune,2
england,2
geyik,2
id,2
Afro,2
redditdeals,2
newspeak,2
prisonreform,2
theoreddical,2
cnbeta,2
Tribes,2
Dendrophilia,2
Maine,2
comedy,2
casualgamer,2
heels,2
forfree,2
IvoryTower,1
coding_tutorials,1
traveling,1
medicare,1
AirsoftGuns,1
RUG_Leeds,1
stocks,1
TrueBlood,1
Nationalism,1
moped,1
stonerrock,1
2012,1
webgaming,1
carseats,1
Bittorrent,1
uottawa,1
closeencounters,1
Misogynist,1
QuizMe,1
J2EE,1
hentai,1
Steam,1
Aylol68,1
temizlik,1
bodymods,1
spor,1
cumshots,1
you,1
LifeChanging,1
logiciels_libres,1
androiddev,1
boyah,1
GooglePhone,1
netflix,1
KrazyChess,1
DeviantArt,1
gps,1
RecommendMe,1
iPhone_Apps,1
Ecig,1
simpleliving,1
Mars,1
Ernest,1
Blogaffair,1
alife,1
Capitalism,1
Dietandhealth,1
discordia,1
whiskey,1
Detroit,1
adult_stream,1
entheogens,1
FieldTechnologies,1
Atheism2,1
Nebraska,1
BlackOps,1
Image,1
fatchicks,1
Hipster,1
NorthwestFoods,1
beach,1
KASIS,1
WebNews,1
canberra,1
wrottit,1
redundant,1
sts,1
towerofpower,1
fotos,1
AdamandJoe,1
criticalsoftware,1
types,1
Latino,1
milwaukee,1
hip_hop,1
job,1
cto,1
Springfield,1
Winnipeg,1
portugal,1
ledelse,1
Clothing,1
school,1
TEDdotcom,1
Blacksmith,1
ChileRemix,1
chiptunes,1
embedded,1
likereddit,1
raptureready,1
college,1
INeedA,1
gratefuldead,1
Kerala,1
ecycle,1
Awesome_Dude,1
chentao807,1
cesky,1
Bikini,1
nzmusicians,1
MyNewz,1
ANTISHARIA,1
simon,1
ruinedlife,1
greetings,1
karmafest,1
cons,1
deutschland,1
solar,1
CountryMusic,1
geohashing,1
Minecraft,1
Torpia,1
Kayaking,1
WWTT,1
scientific,1
tr,1
Femdom,1
yard,1
AmericanHistory,1
runescape,1
Arabiya,1
MDMA,1
Eat,1
badassgirls,1
celebritywire,1
abletonlive,1
Infographics,1
savedrecipes,1
ecoreddit,1
ciencia,1
cancer,1
tour,1
Riddle,1
portlandstate,1
VietNam_website,1
fiction,1
Oddball,1
nordic,1
haskell_proposals,1
indierock,1
Blowjobs,1
Jewish,1
Tradeit,1
snes,1
investment,1
Terzostipendio,1
sickandhothardcore,1
macgames,1
frenchally,1
UrbanChickens,1
linkedin,1
gofuckyourself,1
neuralnets,1
zelda,1
neuroscience,1
forhire,1
NooseneckNews,1
kittybashing,1
AquariumFish,1
TIP,1
Debt,1
iphone4g,1
politicstoo,1
racing,1
touhou,1
illustrator,1
guitarpedals,1
wallpaper,1
ITSupportInEducation,1
eddit,1
TestMySite,1
beauty,1
Basketball,1
frozenxplosion,1
crossfit,1
iPods,1
yourweek,1
pointlessarguments,1
HouseMusic,1
Popular,1
flickr,1
spammers,1
cincinnati,1
Life,1
memetics,1
fxworldchart,1
USHistory,1
NEU,1
computing,1
CloutbytheLake,1
Psychedelics,1
dogswithpacifiers,1
gonewild_requests,1
Virginia,1
CAPSLOCK,1
GetOffMyLawn,1
mentalhealth,1
Joannaxu,1
shell,1
asktransgender,1
Hindi,1
quant,1
OCD,1
theband,1
newworldman,1
palin,1
Fluther,1
freebsd,1
Inventions,1
simplicity,1
revolution,1
words,1
ImHigh,1
crazystairs,1
erw,1
amihot,1
Vigilante,1
KAKA2005_2005,1
GradSchool,1
bollywood,1
web_infrastructure,1
techtheatre,1
Switzerland,1
NCSU,1
suckynews,1
rush,1
WTF_Parent,1
unity_blogs,1
ForgottenBookmarks,1
Ecstacy,1
crochet,1
GameDeals,1
russian_channel,1
Hardcore,1
ecommerce,1
PedroMatias,1
WallOfText,1
Aquariums,1
Existentialism,1
blackjack,1
altdotnet,1
netpolitix,1
Ucurriculum,1
Nipples,1
diet,1
Charity,1
Televisions,1
nhl,1
algeria,1
idea,1
travelsouthall,1
Under15,1
warpiggs,1
fox4kc,1
AnnikRubens,1
awesome,1
Poem,1
submission,1
homeschool,1
KevinL,1
raj25,1
Firefighting,1
spoilers,1
lietuva,1
rape,1
livechat,1
actuary,1
doing_it_wrong,1
ASPNET,1
CaliforniaCannabis,1
whatsupp,1
nook,1
theology,1
danmark,1
frankrum,1
c_language,1
AttentionWhores,1
RedditFriends,1
housing,1
house_music,1
OlderThanTheTubez,1
bulgaria,1
vimplugins,1
paintball,1
encryption,1
justlikejava,1
nintendo,1
gonwild,1
publicsafety,1
Monterrey,1
MillennialPR,1
redditerature,1
EPICBACON,1
tamil,1
smalltalk,1
blackhatseo,1
sustainability,1
RUGC_admin,1
personalfinance,1
amateurastronomy,1
AASNH,1
EnAmerique,1
disapproval,1
UIUC,1
copywriting,1
Mortgage_Assistance,1
numerical,1
Congress,1
eebooks,1
IowaArtsAndCrafts,1
metacirclejerk,1
marevueweb,1
hdl,1
serbia,1
riddit,1
usefulsoftware,1
D_programming,1
ChemLab,1
ordinaryRadicals,1
OneSourceNews,1
Gusari,1
raddit,1
Carpentry,1
DENTISTA,1
pranks,1
nmedik,1
copenhagen,1
linkoping,1
ukcampaigns,1
AVANT_GARDE,1
obits,1
Spanking,1
CarlitsBay,1
idrewapicture,1
bawww,1
Exercise,1
howdoilearn,1
mississippi,1
Irony,1
miglioramento,1
sneedwhopplery,1
bestdvdripper,1
vids,1
inspiration,1
spiritual,1
BestGamesEver,1
floss,1
duck,1
astoria,1
DotSiamMove,1
merry,1
voteup,1
craft,1
Debate,1
koeln,1
crafts,1
Plugyoursite,1
LANL_Italian,1
Corrupt,1
Pacifism,1
USNews2,1
Ijustwatched,1
Kucinich,1
ArtofPlanning,1
WouldYouRather,1
Lostincubes,1
sv,1
Photocomics,1
batterystore,1
sexzone,1
redditbooks,1
facesinplaces,1
nl,1
magick,1
Brian01,1
rbeder,1
israelexposed,1
CentralValley,1
AnimatedGIF,1
notebooks,1
oldfamilyphotos,1
testreddit129012901,1
kidreddit,1
florida,1
keys,1
Reviews,1
stoned,1
DareHallofFame,1
ItsAlwaysSunny,1
aeronautical,1
country,1
journolution,1
DebateIt,1
snobs,1
Posit,1
winRAR,1
BioTheories,1
save,1
tall,1
fr2,1
Re_Arm_Karma,1
wowrp,1
ArchiCAD,1
Metaphysics,1
Cplusplus,1
lasers,1
Drexel,1
kyonounnsei,1
foreignaffairs,1
xna,1
cambridge,1
latinos,1
boulder,1
riaa,1
gameslist,1
ProggitOfficial,1
TheMindWarpPavillion,1
selfserve,1
recovery,1
boobs,1
humanitarian,1
wordplay,1
tacos,1
misc,1
catfight,1
cloudcomputing,1
IMadeThis,1
lfg,1
audiobooks,1
GTA,1
rrputaka,1
Kiva,1
indie,1
LiveLeak,1
kebek,1
Fun,1
cevre,1
poedersoep,1
hotviolingirls,1
iloveboxxy,1
pixels,1
hookup,1
DarwinAwards,1
musicvideo,1
bizarro,1
longtext,1
PhotoShopChallenge,1
FilmClub,1
SketchComedy,1
amazingtop10,1
FFFFFFUUUUUUUUUUUUUU,1
ADHD,1
petpeeve,1
goats,1
Work_at_Home,1
ChampionsOnline,1
IranNews,1
formulaone,1
211323,1
studygroup,1
ModdersShowcase,1
swineflu,1
cleavage,1
smallbusiness,1
mozilla,1
miabella,1
homebrew,1
otaku,1
wargames,1
Environnement,1
Beograd,1
gothicandhorror,1
opensourcegames,1
pakistan,1
bookclub,1
AlFranken,1
SFstories,1
Futball,1
Nepal,1
MrBabyMan,1
Zombie,1
stfubitch,1
materials,1
humanrights,1
JWP,1
ThreadGames,1
heyhannah,1
urbanexploration,1
Forex,1
AnxietyPanic,1
misogyny,1
unity_tutorials,1
chi,1
Transportation,1
MovieManiacReddit,1
udk,1
StupidCriminals,1
swinging,1
DumpsterDiving,1
bahai,1
PhiDeltNCAlphaAlumni,1
checkthisout,1
Denver,1
FRIENDS4EVER,1
friendship,1
PPSF,1
pinoy,1
deinteresocial,1
softwaredevelopment,1
SecularHumanism,1
Nerf,1
